{"validation/action_seq_loss":0.19935062527656555,"move_two_plates":0,"_wandb":{"runtime":1757},"train/action_seq_loss":0.3108989894390106,"_timestamp":1.740220617743362e+09,"_runtime":1757.828851354,"_step":1500}