{"_step":100,"validation/action_seq_loss":0.5417390465736389,"_wandb":{"runtime":56},"train/action_seq_loss":0.5986908674240112,"_timestamp":1.7402191318883505e+09,"_runtime":56.956458774}